student_id,394061540,name,Patricia Gonzalez,address,3940 Ruth Avenue North Ashley  SD 05834,dob,1947-06-01,employer,Cooper-Johnson,title,Civil Service administrator,year,1993,make,Alfa,model,Romeo
student_id,058565635,name,Christine Lucas,address,0842 Mark Forges Patelside  OR 21522,dob,1945-09-11,employer,"Stewart, Zimmerman and Owens",title,"Lecturer, higher education",year,2003,make,Lexus,model,IS
student_id,754931550,name,Suzanne Moyer,address,7655 Jack Plaza Millschester  MA 08810,dob,1908-09-09,employer,Phillips PLC,title,Chartered legal executive (England and Wales),year,1999,make,Audi,model,A6
student_id,727466786,name,Pamela Lindsey,address,178 Mary Ville Apt. 366 Port Kevinfurt  RI 24510,dob,2010-12-27,employer,Mcguire-Johnson,title,Pharmacologist,year,2012,make,Volvo,model,XC70
student_id,047256146,name,Robert Miller,address,Unit 4504 Box 9636 DPO AP 74837,dob,2009-01-15,employer,Tyler PLC,title,Fast food restaurant manager,year,1993,make,Isuzu,model,Spacecab
student_id,329075651,name,Kaitlin Vaughn,address,0991 Garcia Loaf Sarahstad  VT 53909,dob,1952-11-20,employer,Phelps Inc,title,Risk analyst,year,1992,make,Ford,model,Ranger
student_id,550134839,name,Tina Mcgee,address,091 Karen Rapid Suite 678 Harveybury  DE 51810,dob,1916-07-05,employer,Riddle-Green,title,Counsellor,year,1997,make,Pontiac,model,Trans
student_id,802773282,name,Leslie Chapman,address,806 Natalie Trail Suite 808 South Jasonville  MN 44781,dob,1921-06-06,employer,Lewis Inc,title,Leisure centre manager,year,1999,make,Chrysler,model,Sebring
student_id,232050729,name,Tina Young,address,4932 Clayton Ford Apt. 626 Rachelborough  GA 89011,dob,1988-09-04,employer,Manning Ltd,title,"Restaurant manager, fast food",year,2005,make,Ford,model,F350
student_id,442523906,name,Brandi Kim,address,457 Patrick Creek Rodriguezport  NM 82074,dob,1936-07-11,employer,"Herring, Campbell and Smith",title,Financial manager,year,1998,make,Chevrolet,model,Camaro
student_id,706823855,name,Michael Kelly,address,7485 Michelle Track Apt. 556 Jennifermouth  ME 43636,dob,1908-12-07,employer,Mora and Sons,title,Product designer,year,2001,make,GMC,model,Savana
student_id,365852365,name,Kara Lee,address,79359 Allen Motorway East Lindsey  WI 98057,dob,1946-10-29,employer,"Dougherty, Fernandez and Fischer",title,Technical sales engineer,year,2007,make,Lotus,model,Elise
student_id,075628670,name,Douglas Wolf,address,610 Acosta Island Apt. 242 Matthewland  MS 04377,dob,1922-08-09,employer,"Chang, Chen and Parker",title,Pension scheme manager,year,2009,make,GMC,model,Sierra
student_id,646356279,name,Damon Walters,address,063 Johnston Ridges Apt. 354 North Dennismouth  SC 84157,dob,1960-10-03,employer,Knight PLC,title,Science writer,year,1997,make,Ford,model,F150
student_id,335637481,name,Tyler Blair,address,6343 Dickerson Valley Apt. 811 Perezview  AZ 07021,dob,1940-06-01,employer,Stone-Shepard,title,Technical author,year,2013,make,Chevrolet,model,Corvette
student_id,786630854,name,Theresa Cowan,address,PSC 2582  Box 8033 APO AE 07251,dob,1987-01-16,employer,Charles PLC,title,Film/video editor,year,2019,make,Toyota,model,Land
student_id,476659319,name,Brandon Hawkins,address,4646 Melissa Inlet Port Nicholasland  OR 81470,dob,1920-06-03,employer,"Smith, Cruz and Levy",title,"Psychologist, clinical",year,2010,make,MINI,model,Clubman
student_id,058734784,name,Christina Ward,address,Unit 5501 Box 0999 DPO AP 36956,dob,1919-12-06,employer,Fleming-Olson,title,Industrial/product designer,year,2008,make,Mercedes-Benz,model,SLK-Class
student_id,555455521,name,Anita Hill,address,42792 Tyrone Vista Victorborough  AZ 79736,dob,1939-06-26,employer,Martin-Navarro,title,"Scientist, research (physical sciences)",year,1993,make,GMC,model,3500
student_id,548913464,name,Randy Tucker,address,PSC 6632  Box 5571 APO AP 85098,dob,1988-10-02,employer,Atkinson PLC,title,"Sound technician, broadcasting/film/video",year,1997,make,Chevrolet,model,3500
student_id,799791521,name,Lauren Daniels,address,31698 Nguyen Gateway Port Joshua  OH 57315,dob,1935-08-24,employer,Krause Group,title,Soil scientist,year,1997,make,Toyota,model,RAV4
student_id,435489999,name,Matthew Mcintyre,address,7969 Alexandria Ridge East Lisa  OK 34029,dob,1943-01-13,employer,Williams-Bradley,title,"Engineer, materials",year,2017,make,Lexus,model,RX
student_id,779313267,name,Stephanie Carter,address,553 Ashlee Courts Apt. 924 Robynport  WY 29221,dob,1971-04-25,employer,Hensley and Sons,title,Hotel manager,year,2011,make,Toyota,model,Camry
student_id,437046116,name,Katherine Pacheco,address,62978 Nicole Port Port Terrence  NY 91771,dob,1927-07-29,employer,Jones-Harper,title,Location manager,year,1995,make,Acura,model,TL
student_id,685670885,name,Neil Berry,address,623 Campbell Centers Suite 634 West Malloryfort  AR 06530,dob,1930-08-31,employer,Stafford Inc,title,Personnel officer,year,1998,make,GMC,model,Jimmy
student_id,898464376,name,Hector Miles,address,459 Alicia Crest Suite 432 New Christine  CT 48646,dob,1988-01-18,employer,Patterson PLC,title,Human resources officer,year,2015,make,Ford,model,Expedition
student_id,587567900,name,Joseph Medina,address,8342 Cross Turnpike Mcdonaldside  IA 48530,dob,1917-12-12,employer,"Snyder, Hester and Wheeler",title,Technical brewer,year,2015,make,Ford,model,Mustang
student_id,570933476,name,Troy Hill,address,6244 Wilcox Ridge Suite 250 New Lindabury  MN 59939,dob,1954-01-11,employer,"Fields, Deleon and Hill",title,Tourism officer,year,1999,make,Hyundai,model,Accent
student_id,634426314,name,Noah Dunn,address,13542 Young Hollow Port Alice  WV 92603,dob,2006-12-06,employer,Thompson-Lopez,title,Magazine features editor,year,2003,make,Buick,model,Century
student_id,148302225,name,Cathy Soto,address,7934 April Harbor Suite 239 Jasonberg  CA 30288,dob,1923-04-25,employer,Fitzpatrick-Woodard,title,Dance movement psychotherapist,year,2010,make,Ford,model,Expedition
student_id,333035109,name,Mark Gonzalez,address,277 Patrick Heights Lake Douglas  MI 43532,dob,1987-03-11,employer,"Hull, Armstrong and Allen",title,Intelligence analyst,year,1993,make,Geo,model,Metro
student_id,399303502,name,Laura Blair,address,29211 Alex Road Suite 980 West David  TN 01278,dob,1978-02-06,employer,"Grant, Collins and Saunders",title,Environmental education officer,year,1999,make,Ford,model,Explorer
student_id,631856788,name,Linda Burnett,address,PSC 3010  Box 7590 APO AE 24981,dob,1977-03-08,employer,Jordan-Schmidt,title,Estate agent,year,1993,make,Mitsubishi,model,Montero
student_id,372296198,name,Gina Harding,address,PSC 7911  Box 5919 APO AA 64462,dob,1941-12-15,employer,Edwards-Scott,title,IT consultant,year,1992,make,Pontiac,model,Trans
student_id,108414832,name,Lisa Stewart,address,981 Sarah Islands Suite 231 East Mario  CO 63063,dob,2018-06-05,employer,"Collins, Thomas and Phelps",title,Operational researcher,year,1993,make,Chevrolet,model,2500
student_id,728979969,name,Eric Francis,address,8803 Michael Dam South Gregory  VT 75305,dob,2019-05-26,employer,Carson-Reyes,title,Manufacturing engineer,year,1993,make,Chevrolet,model,Caprice
student_id,872405275,name,Mary Kennedy,address,91792 Tammy Freeway Suite 498 Traceyport  NY 45219,dob,1980-07-08,employer,"Holmes, Fuller and Woods",title,Psychotherapist,year,2019,make,GMC,model,Sierra
student_id,131809216,name,Christopher Chang,address,7577 Tyler Drive Robinsonville  KS 60185,dob,1994-07-16,employer,"Murphy, Richardson and Smith",title,Press photographer,year,1992,make,Volkswagen,model,Golf
student_id,621218811,name,John Davis,address,52158 Ortiz Valley New Daniel  PA 95981,dob,1931-05-21,employer,"Johnson, Schultz and Vargas",title,Production manager,year,2017,make,Chevrolet,model,Tahoe
student_id,533374238,name,Ethan Herring,address,98370 Williams Pass Apt. 806 Danielhaven  WY 65156,dob,1999-07-15,employer,Fowler-Williams,title,Chartered certified accountant,year,2011,make,Honda,model,Odyssey
student_id,649979064,name,Samuel Thomas,address,617 Rivas Corner Apt. 996 New Chase  GA 31515,dob,1917-06-30,employer,Lynch-Walker,title,Advertising account executive,year,2005,make,Toyota,model,RAV4
student_id,158866160,name,Justin Cox,address,415 Michael Manor Suite 213 East Robertoport  NV 77750,dob,1955-09-20,employer,Taylor-Ramirez,title,"Designer, textile",year,2019,make,Porsche,model,Panamera
student_id,322530019,name,Kevin Myers,address,74902 Keith Mills Suite 166 West Todd  WY 20418,dob,1933-03-08,employer,"Castaneda, Durham and Curtis",title,Estate manager/land agent,year,1992,make,Isuzu,model,Trooper
student_id,630356993,name,Karen Tanner,address,USCGC Thomas FPO AP 86826,dob,1938-07-27,employer,Walters-Webb,title,Geoscientist,year,2018,make,Lexus,model,LC
student_id,108954237,name,Jesse Ferrell,address,6654 Matthews Burgs West Douglas  HI 73309,dob,1981-08-03,employer,Evans-Johnson,title,"Librarian, academic",year,2002,make,Volvo,model,V70
student_id,751106102,name,Tami Mosley,address,122 Tamara Neck Apt. 730 Port Lance  MS 69463,dob,1990-06-16,employer,Hayes PLC,title,Television floor manager,year,2020,make,Cadillac,model,Escalade
student_id,574534990,name,Christopher Boyd,address,8773 Tanner Island South Brian  GA 79438,dob,1942-05-20,employer,"Jenkins, George and Roberson",title,"Administrator, charities/voluntary organisations",year,2018,make,Kia,model,Stinger
student_id,288700015,name,Michael Walker,address,16391 Sheila Ways West Joshuafort  MD 55924,dob,1990-07-03,employer,"Schroeder, Perry and Thomas",title,Commercial/residential surveyor,year,2009,make,GMC,model,Sierra
student_id,805380377,name,Richard Knight,address,63011 Johnson Ways Apt. 407 Lake Philip  WY 03832,dob,1948-02-16,employer,Mercer-Jones,title,Media planner,year,2011,make,GMC,model,Canyon
student_id,545060717,name,Michael Johnson,address,753 Blackburn Springs North Andrew  TN 47318,dob,1950-07-14,employer,Cook LLC,title,Ranger/warden,year,2015,make,Kia,model,Soul
student_id,289720144,name,Linda Wang,address,07083 Gregory Summit New Edwardborough  NE 24579,dob,1991-01-28,employer,"Powers, Brown and Ray",title,Futures trader,year,2019,make,FIAT,model,500c
student_id,312394895,name,Molly Jacobs,address,Unit 7349 Box 7980 DPO AA 42787,dob,1985-12-05,employer,"Duncan, Everett and Douglas",title,Personnel officer,year,2014,make,Ferrari,model,California
student_id,079138941,name,Tony Thompson,address,17139 Reed Square Suite 680 North Michael  VA 62847,dob,1959-01-20,employer,Snyder Group,title,Sales executive,year,2009,make,Volkswagen,model,Jetta
student_id,566680723,name,Tracy Wilson,address,894 Stevens Village Apt. 503 Snydermouth  SC 33108,dob,1982-06-27,employer,Kelly-Bates,title,"Engineer, maintenance",year,1996,make,BMW,model,M3
student_id,416238471,name,Joshua Bishop,address,USNS Long FPO AA 77410,dob,1977-05-15,employer,"Carpenter, Davidson and Wilson",title,Quantity surveyor,year,2000,make,Mercedes-Benz,model,E-Class
student_id,708174252,name,Sean Shaw,address,30647 Guerrero Stream Suite 686 Lake Kellyburgh  IA 69260,dob,1924-06-29,employer,Morris-Lee,title,Music therapist,year,2004,make,Nissan,model,Frontier
student_id,503925919,name,Christopher Campbell,address,7334 Nathan Vista North Edward  UT 77922,dob,2005-01-25,employer,"Anderson, Blake and Castro",title,"Accountant, chartered certified",year,2001,make,GMC,model,Savana
student_id,466924108,name,Jessica Vaughn,address,08943 Paul Squares East Shawnchester  WY 57811,dob,1938-11-24,employer,"Smith, Patterson and Conner",title,"Clinical scientist, histocompatibility and immunogenetics",year,2009,make,Porsche,model,Cayenne
student_id,238145399,name,Samantha Jackson,address,373 Christina Common Apt. 348 Murphymouth  MO 80412,dob,1937-04-22,employer,Johnson-Ritter,title,"Teacher, primary school",year,2016,make,Dodge,model,Challenger
student_id,884936775,name,Daniel Hunter,address,3708 Hunter Village Suite 848 New Gregorytown  OH 81381,dob,1967-12-02,employer,"Cohen, Murillo and Shaw",title,"Geologist, engineering",year,2012,make,Nissan,model,Pathfinder
student_id,801994326,name,Miguel Walsh,address,8111 Norris Point Jasonbury  MT 84444,dob,1923-01-30,employer,"Boyd, Park and Scott",title,Architectural technologist,year,2016,make,Volkswagen,model,Golf
student_id,802120286,name,Jesse Daniel,address,7888 Nicholas Fords Ericaside  IN 05033,dob,1933-02-16,employer,"Watson, Pham and Nash",title,Land/geomatics surveyor,year,2006,make,Chevrolet,model,Silverado
student_id,362520203,name,Edward Brown,address,0009 Kathleen Dale Solomonport  LA 48851,dob,1984-01-02,employer,Smith-Lee,title,"Investment banker, operational",year,2015,make,Rolls-Royce,model,Wraith
student_id,234055551,name,Shane Calderon,address,672 Veronica Isle Suite 589 Downsfurt  TX 40098,dob,1941-06-25,employer,Holder-Anderson,title,Operations geologist,year,1995,make,Toyota,model,Tercel
student_id,769440828,name,Michael Owen,address,7941 Santiago Bridge Suite 066 East Krystaltown  LA 74655,dob,2010-03-26,employer,"White, Phillips and Austin",title,"Administrator, sports",year,2002,make,Chevrolet,model,Prizm
student_id,152239866,name,Alexis Long,address,112 Andrew Cape Suite 826 Andrewhaven  RI 42133,dob,1932-04-18,employer,Dillon-Baxter,title,Data scientist,year,2006,make,Dodge,model,Ram
student_id,064876737,name,Ashley Bishop,address,605 Williams Ridges West Manuelmouth  NH 77766,dob,2010-11-12,employer,"Hill, Kennedy and Owens",title,Psychiatric nurse,year,1999,make,Toyota,model,Land
student_id,260465578,name,Paul Barnett,address,Unit 0380 Box 8243 DPO AA 39561,dob,2003-06-20,employer,Moyer-White,title,Musician,year,2015,make,Chevrolet,model,Colorado
student_id,044994246,name,Wendy Gallagher,address,3079 Natasha Ports Apt. 415 East Danielberg  VT 22142,dob,2017-03-15,employer,Hernandez-Perry,title,Horticultural consultant,year,2009,make,Volvo,model,C30
student_id,761505033,name,Anita Floyd,address,8918 Woods Mall Suite 348 Heatherville  DE 86732,dob,1951-09-06,employer,Smith-Dunn,title,Sports administrator,year,2003,make,Pontiac,model,Grand
student_id,334809685,name,Zachary Martinez,address,807 Lawson Fork New Hunterside  TX 20921,dob,1979-03-24,employer,"Bailey, Harris and Clark",title,Nutritional therapist,year,2010,make,Nissan,model,370Z
student_id,568093318,name,Aaron Alexander,address,27343 Peter Courts Suite 705 Abbottburgh  DC 42505,dob,1996-09-14,employer,Johnson-Ayala,title,"Therapist, speech and language",year,2017,make,GMC,model,Savana
student_id,739295881,name,Jennifer Parker,address,26569 Adams Summit Wilsonland  NJ 53774,dob,1934-02-06,employer,Palmer and Sons,title,Armed forces logistics/support/administrative officer,year,1995,make,Chevrolet,model,Corvette
student_id,812315020,name,Alex Henderson,address,USNS Goodman FPO AP 03778,dob,2001-09-05,employer,"Bailey, Berg and Schwartz",title,"Engineer, production",year,2007,make,Ford,model,Focus
student_id,801882572,name,Patty Byrd,address,74314 Carla Tunnel New Andrea  VT 79727,dob,1923-10-17,employer,"Parker, Glover and Lewis",title,Camera operator,year,2009,make,GMC,model,Canyon
student_id,627358785,name,Stephanie Graves,address,23209 Gutierrez Heights Solisland  KS 99528,dob,1908-02-12,employer,Osborne Group,title,Interpreter,year,2011,make,Chevrolet,model,Express
student_id,809954863,name,Lisa Hernandez,address,4655 White Neck North Michelle  MS 85506,dob,1955-06-27,employer,Chapman and Sons,title,Patent attorney,year,2016,make,Kia,model,Rio
student_id,704568474,name,Anthony Dunn,address,459 Brian Forest East Erica  KY 70209,dob,1937-07-29,employer,Davis-Mcdonald,title,Office manager,year,2018,make,Subaru,model,Forester
student_id,215191726,name,Wayne Lee,address,624 Robert Park Suite 183 North Kimberly  WV 95898,dob,1955-07-04,employer,David-Robinson,title,"Surveyor, commercial/residential",year,1998,make,Lincoln,model,Navigator
student_id,349451481,name,Cindy Edwards,address,6672 Jose Hill Apt. 433 Kirkbury  FL 85338,dob,1993-08-17,employer,"Michael, Smith and Cain",title,Writer,year,2003,make,Mitsubishi,model,Montero
student_id,555382652,name,Jason Small,address,38499 Johnson Springs Apt. 196 Christophershire  AZ 27988,dob,1908-03-25,employer,Gonzalez-Webb,title,Meteorologist,year,2000,make,Chevrolet,model,Cavalier
student_id,771396721,name,Janice Horn,address,811 Brittney Crossing Cameronside  SC 39936,dob,1929-10-03,employer,Brown-Woodard,title,Paramedic,year,2014,make,Kia,model,Sportage
student_id,418280625,name,April Bell,address,540 Jennifer Shore Apt. 378 Kathleenport  MI 39092,dob,1913-10-14,employer,Morris-Cole,title,Fish farm manager,year,1992,make,Chevrolet,model,Lumina
student_id,379114289,name,Cody Esparza,address,455 Valerie Forest Apt. 711 Sarahaven  MI 97178,dob,1975-02-09,employer,"Gallagher, Carr and Stuart",title,Marine scientist,year,2016,make,Mercedes-Benz,model,Mercedes-AMG
student_id,049706869,name,Lisa Jarvis,address,48115 Mcneil Locks New Anthony  LA 40735,dob,1913-11-10,employer,Pham-Gomez,title,"Scientist, physiological",year,2002,make,Toyota,model,MR2
student_id,313131996,name,Ronald Kelly,address,2082 Mcmillan Passage Suite 464 South Jordanberg  NV 64662,dob,1957-10-03,employer,Hensley Group,title,Forest/woodland manager,year,2009,make,Ford,model,E150
student_id,708262309,name,Jacob Hobbs,address,344 Mary Drive Suite 663 West Michaelchester  WY 94465,dob,1954-12-25,employer,Ferguson-Cervantes,title,Commercial horticulturist,year,2019,make,Jaguar,model,E-PACE
student_id,657869552,name,Jamie Marquez,address,5204 Wilson Parkway New Brent  GA 87004,dob,2002-03-03,employer,"Roberson, Weaver and Edwards",title,Bonds trader,year,1993,make,Lincoln,model,Town
student_id,533609464,name,Melissa Fleming,address,181 Pamela Row Port Theresa  CT 31220,dob,1958-04-08,employer,Decker-Owens,title,Arts administrator,year,2006,make,Cadillac,model,SRX
student_id,877587651,name,Jill Pearson,address,920 Smith Squares Dennisport  MS 83780,dob,1918-03-15,employer,Simpson-Booth,title,Clinical psychologist,year,2020,make,Buick,model,Encore
student_id,496882098,name,Brian Wright,address,Unit 8062 Box 1380 DPO AE 92579,dob,1952-04-29,employer,Conner and Sons,title,"Solicitor, Scotland",year,1994,make,GMC,model,2500
student_id,056236113,name,Aaron Melton,address,532 Wyatt Path North Andrewfurt  SC 91961,dob,1958-09-27,employer,Wright-Murray,title,Music therapist,year,2003,make,Honda,model,Accord
student_id,346687400,name,Jessica Briggs,address,271 Davis Rapids Deborahville  IA 91578,dob,1997-03-10,employer,Tapia-Spears,title,Diplomatic Services operational officer,year,2014,make,Chevrolet,model,Equinox
student_id,562797151,name,Ashley Hall,address,96916 Jordan Freeway Wilsonton  SD 10899,dob,1963-01-09,employer,Jones PLC,title,Statistician,year,1996,make,Dodge,model,Ram
student_id,409134967,name,Timothy Bass,address,06258 Beltran Roads Sandrachester  NE 34862,dob,2017-01-11,employer,Suarez and Sons,title,"Engineer, energy",year,2000,make,Saturn,model,S-Series
student_id,853671922,name,Kevin Mejia,address,Unit 9539 Box 4144 DPO AE 35928,dob,1989-01-04,employer,Kennedy-Jenkins,title,Quantity surveyor,year,2003,make,GMC,model,Sierra
student_id,376416127,name,Ronald Patrick,address,Unit 2527 Box 2298 DPO AA 12175,dob,1949-10-25,employer,Craig LLC,title,"Teacher, special educational needs",year,2013,make,BMW,model,1
student_id,599033521,name,Ethan Nelson,address,33170 Joshua Courts Josephport  LA 11951,dob,1920-09-23,employer,"White, Lopez and Mosley",title,Dealer,year,2008,make,Audi,model,S4
student_id,288710923,name,Monica Kim,address,07320 Mendoza Tunnel Apt. 682 South Sarahhaven  AR 92558,dob,1906-06-26,employer,"Wiggins, Friedman and Jones",title,Air traffic controller,year,2015,make,Jeep,model,Cherokee
student_id,300398031,name,Larry Barnett,address,40558 Dana Locks Suite 550 North Gabriel  ND 84899,dob,1922-12-13,employer,Vaughn-Ross,title,Site engineer,year,2001,make,Ford,model,ZX2
student_id,456932188,name,Victoria Foster,address,594 Erica Burgs Suite 859 Jasonton  IA 10534,dob,1961-12-29,employer,"Ray, Dennis and Wyatt",title,"Therapist, speech and language",year,2019,make,MINI,model,Clubman
student_id,081554001,name,Sheila Thomas,address,0674 Rhodes Lane Suite 089 Hannahland  SD 53871,dob,2021-01-14,employer,"Baker, Boyd and Smith",title,Architect,year,2016,make,Nissan,model,JUKE
student_id,542802435,name,Stephanie Gill,address,Unit 2209 Box 3798 DPO AE 70154,dob,1926-11-26,employer,"Medina, Bass and Frost",title,"Engineer, aeronautical",year,1992,make,GMC,model,Vandura
student_id,464938056,name,Brett Barker,address,373 Ann Stream Apt. 761 North Juliefort  NY 28942,dob,1959-02-22,employer,Knight PLC,title,Geophysical data processor,year,2007,make,Saturn,model,Ion
student_id,750241390,name,Dillon Johnson,address,98806 Dustin Harbor Apt. 300 East Paulhaven  NJ 64390,dob,2012-07-12,employer,Brooks LLC,title,Mudlogger,year,2000,make,Honda,model,CR-V
student_id,217473076,name,Kenneth Bernard,address,580 Hunter Circle Suite 751 Lake Mariobury  VT 80733,dob,1955-03-27,employer,Khan Ltd,title,"Teacher, adult education",year,2005,make,Dodge,model,Sprinter
student_id,192412459,name,Richard Mccann,address,34391 Reilly Highway Melissaburgh  MN 15246,dob,1929-07-01,employer,Stephens-Parker,title,Risk analyst,year,1999,make,Chevrolet,model,Astro
student_id,851581494,name,Joseph Hart,address,78722 Melanie Loaf Apt. 128 West Antonio  OK 32313,dob,1942-04-26,employer,Mckinney-Howard,title,Clinical psychologist,year,2017,make,Ferrari,model,488
student_id,110192612,name,Mark Obrien,address,434 Walker Circle Roseview  TX 09558,dob,1970-04-11,employer,"Suarez, Hernandez and Gould",title,Teaching laboratory technician,year,1998,make,Chevrolet,model,Corvette
student_id,182761187,name,Karen Holder,address,179 Gould Rapids Apt. 004 Lake Theodoreland  GA 35929,dob,1933-05-15,employer,Burton-Gonzalez,title,Special effects artist,year,2019,make,Lexus,model,NX
student_id,616319108,name,Brian Perry,address,3635 Stephen Union Nelsonmouth  NH 37245,dob,1962-01-28,employer,Santos-Lopez,title,"Pharmacist, community",year,2003,make,Ford,model,Mustang
student_id,552682021,name,Sean Roberts,address,16422 Roberts Burg Apt. 913 South Juliafurt  TX 79559,dob,2007-05-30,employer,Cruz Ltd,title,Recruitment consultant,year,2004,make,BMW,model,6
student_id,763783273,name,Randall Parrish,address,423 James Gateway Javierview  TN 79847,dob,1907-10-21,employer,Long-Brown,title,Commissioning editor,year,2002,make,Chrysler,model,Concorde
student_id,369606193,name,Teresa Robinson,address,8451 Gordon Mission Suite 737 Meaganmouth  MD 06546,dob,1980-02-03,employer,"Hess, Anderson and Graham",title,Sports development officer,year,2001,make,Toyota,model,Avalon
student_id,275214625,name,Brian Bryant,address,Unit 7711 Box 0653 DPO AE 04644,dob,1938-04-20,employer,Moore LLC,title,Occupational therapist,year,2008,make,Volvo,model,V50
student_id,747312867,name,Sheri Spencer,address,PSC 4263  Box 6593 APO AP 49135,dob,1994-07-24,employer,Jensen-Cortez,title,Ambulance person,year,2005,make,Pontiac,model,Montana
student_id,280057182,name,Gregory Nichols,address,USS Bishop FPO AP 64162,dob,2014-07-14,employer,"Cox, Stokes and Olson",title,Marketing executive,year,2000,make,Nissan,model,Maxima
student_id,204524800,name,Ricardo Manning,address,415 Campbell Square East Ruthtown  OR 18847,dob,2012-01-30,employer,Mccoy Group,title,Management consultant,year,2004,make,GMC,model,Sierra
student_id,490711679,name,Joseph Lang,address,Unit 8464 Box 6467 DPO AE 13327,dob,2001-09-14,employer,Krueger and Sons,title,Community pharmacist,year,1994,make,Saab,model,9000
student_id,552982267,name,Erin Rodriguez,address,452 Thompson Alley Apt. 133 West Markstad  MN 47869,dob,1936-06-03,employer,Gibson Inc,title,Medical physicist,year,2004,make,Saturn,model,L-Series
student_id,137014286,name,Jon Howell,address,1078 Mason Ranch Ariasfurt  UT 87599,dob,1984-04-29,employer,Walsh-Smith,title,"Nurse, mental health",year,2004,make,Chevrolet,model,Express
student_id,192033285,name,Richard Miller,address,74366 Williams Dam Evanstown  OK 80330,dob,1928-03-13,employer,Zamora LLC,title,"Editor, magazine features",year,2017,make,Nissan,model,370Z
student_id,109191483,name,Amy Hardy,address,3194 Jessica Square Keithville  OH 63488,dob,1970-08-11,employer,"Boyer, Williams and Flores",title,"Geologist, wellsite",year,2004,make,Jaguar,model,S-Type
student_id,735213172,name,Rachel Fox,address,81289 Jackson Centers Apt. 992 Gregoryfort  SD 07063,dob,1957-08-08,employer,Hall-Sexton,title,Chief Strategy Officer,year,2019,make,Ford,model,F250
student_id,056302290,name,Nathaniel Price,address,02601 Shawn Lakes Rodriguezland  MI 83386,dob,1947-05-31,employer,Bell-Delacruz,title,Fast food restaurant manager,year,2014,make,Ford,model,Explorer
student_id,235253895,name,Sharon West,address,789 Martinez Ridge Apt. 275 Port Kayla  SD 64246,dob,1991-10-15,employer,"Erickson, Curtis and Ross",title,"Doctor, hospital",year,2016,make,Volkswagen,model,Passat
student_id,249661362,name,Randy Jones,address,627 Charles Corner Lake Kellyview  AK 53073,dob,1991-02-25,employer,"Mercado, Macdonald and Wright",title,Travel agency manager,year,2019,make,Subaru,model,WRX
student_id,159187191,name,Rhonda Jordan,address,22534 Kristin Stream Suite 238 East Samantha  MT 87658,dob,1968-05-23,employer,Walls-Bartlett,title,Oceanographer,year,2017,make,Kia,model,Soul
student_id,706102260,name,Robert Reed,address,8877 Jennifer Port Lake Taylorview  IA 17616,dob,2013-12-28,employer,Evans-Chan,title,Solicitor,year,1997,make,Volvo,model,S90
student_id,041437335,name,Patricia Frazier,address,0827 Sandra Plaza Lake Marymouth  MA 71511,dob,1950-09-12,employer,Ramsey Inc,title,Licensed conveyancer,year,2016,make,Hyundai,model,Sonata
student_id,870748022,name,Jason Phillips,address,206 Tammy Courts North David  KY 52185,dob,1983-02-10,employer,Cummings-Parker,title,Economist,year,2014,make,Audi,model,A8
student_id,701058441,name,Brandon Richmond,address,29011 Wang Cove New Brian  PA 87998,dob,1942-10-30,employer,Cantrell-Mccoy,title,"Therapist, horticultural",year,2003,make,Nissan,model,350Z
student_id,116665472,name,Carla Sampson,address,1277 Goodman Shoals Hallview  TX 43365,dob,1925-11-04,employer,Watson and Sons,title,IT consultant,year,2018,make,Hyundai,model,Sonata
student_id,895612527,name,Daniel Hodges,address,Unit 8376 Box 1392 DPO AE 14285,dob,2007-10-08,employer,Booth-Rodriguez,title,Commercial horticulturist,year,2001,make,Dodge,model,Caravan
student_id,580869638,name,John Hancock,address,188 Elizabeth Well Darrellburgh  MI 30672,dob,1980-06-19,employer,King-Serrano,title,Senior tax professional/tax inspector,year,2016,make,Lexus,model,LS
student_id,353906625,name,Janice Wilson,address,3288 Horn Drive North Morgan  NJ 30335,dob,1925-04-06,employer,"Knight, Hughes and Schmidt",title,Minerals surveyor,year,2019,make,INFINITI,model,Q70
student_id,895432151,name,Nicole Haynes,address,229 William Estate Paulamouth  OR 75787,dob,1957-12-24,employer,Castro Group,title,"Scientist, clinical (histocompatibility and immunogenetics)",year,2001,make,Chevrolet,model,Silverado
student_id,028037522,name,Levi Williamson,address,9054 Tyrone Mall Suite 955 West Vanessamouth  FL 91625,dob,1926-12-26,employer,Buckley-Norris,title,Diagnostic radiographer,year,2008,make,Toyota,model,RAV4
student_id,641142201,name,John Campbell,address,301 Antonio Estate Paulside  NH 00830,dob,1969-02-18,employer,Reese-Bowen,title,Learning mentor,year,1998,make,Dodge,model,Ram
student_id,036829353,name,Victoria Vaughn,address,723 Christopher Ferry New Mariofort  OK 62968,dob,1934-10-03,employer,Hammond-Brown,title,"Therapist, music",year,2012,make,Maserati,model,Quattroporte
student_id,307959899,name,Michelle Blackwell,address,USS Flores FPO AE 22891,dob,1910-08-25,employer,"Castro, Reyes and Banks",title,"Sales professional, IT",year,1994,make,Plymouth,model,Voyager
student_id,525500856,name,Brenda Bruce,address,3479 Donna Views Apt. 100 Johnside  CO 75611,dob,1981-03-07,employer,"Morton, Stanley and Kelly",title,"Copywriter, advertising",year,1993,make,Chevrolet,model,G-Series
student_id,834703566,name,Alexandria Bowers,address,67399 Kenneth Views Apt. 653 Lake Raymondfort  VA 73156,dob,1982-03-06,employer,Morgan-Moore,title,Estate agent,year,2001,make,Acura,model,TL
student_id,703572385,name,Gloria Martin,address,1678 Chavez Square Maldonadoberg  AL 54661,dob,1993-11-27,employer,"Chang, Baker and Schwartz",title,Financial manager,year,2020,make,Volkswagen,model,Tiguan
student_id,199333264,name,Brandon Robinson,address,Unit 0031 Box 5266 DPO AP 54080,dob,1954-09-01,employer,Moody Group,title,Air cabin crew,year,2000,make,Volkswagen,model,Golf
student_id,328372474,name,Laura Boone,address,6773 Terrell Forges West Haley  ND 96348,dob,1919-07-11,employer,Miller-Wright,title,Biomedical scientist,year,2019,make,Ford,model,Transit
student_id,808223663,name,Madeline Adams,address,1063 Alexander Islands Suite 503 West Sarah  FL 77127,dob,1987-02-16,employer,Anderson Ltd,title,Systems analyst,year,2003,make,Pontiac,model,Grand
student_id,632343152,name,Kelly Stevens,address,5733 Stanton Garden Suite 388 Shannonchester  NY 14702,dob,1907-12-01,employer,"White, Stevens and Little",title,Field trials officer,year,2003,make,Ford,model,F350
student_id,097256741,name,Emily Stevenson,address,3872 Baldwin Valleys Port Jamesside  RI 74856,dob,1914-08-20,employer,Navarro-Lopez,title,"Investment banker, corporate",year,2012,make,Mercedes-Benz,model,M-Class
student_id,102568788,name,Martin Booker,address,1621 Jesse Ports Suite 000 Robertston  IA 19976,dob,2004-11-28,employer,"Brown, James and Turner",title,Building surveyor,year,2010,make,MAZDA,model,MAZDA5
student_id,679913846,name,Matthew Barnett,address,78790 Andrew Pine Amandaville  MO 96738,dob,1967-11-10,employer,Brown-Turner,title,Local government officer,year,1998,make,Honda,model,Passport
student_id,685731114,name,Edward Gonzalez,address,16548 Garcia Pass West Donald  ID 97888,dob,1937-03-19,employer,"Coleman, Snyder and Herman",title,"Engineer, site",year,2011,make,Mercedes-Benz,model,E-Class
student_id,893975048,name,Emily Hansen,address,713 Padilla Bridge Jacksonstad  NM 98910,dob,2021-01-19,employer,"Perez, Blake and Huber",title,Retail buyer,year,2011,make,Ford,model,Ranger
student_id,161777429,name,Patricia Gomez,address,945 Matthew Expressway Suite 957 West Shannon  HI 96429,dob,1977-05-09,employer,Hughes-Williams,title,Mudlogger,year,2011,make,Chevrolet,model,Equinox
student_id,374764772,name,Roberto Choi,address,7235 Trevino Courts Port Sara  AK 84982,dob,1967-04-01,employer,"Hurst, Anderson and Burke",title,Orthoptist,year,1994,make,Ford,model,F250
student_id,375605197,name,Theresa Pollard,address,Unit 9068 Box 5230 DPO AE 91647,dob,2020-05-04,employer,Clark-Mercado,title,"Designer, blown glass/stained glass",year,2014,make,GMC,model,Yukon
student_id,028404195,name,Daniel Wallace,address,142 Vega Plains Gregoryview  KY 21922,dob,1943-09-09,employer,Smith-Simmons,title,Tax adviser,year,2003,make,Subaru,model,Impreza
student_id,679753373,name,Tiffany Delacruz,address,8270 Lopez Court Suite 219 East Michaelfort  FL 83780,dob,1975-02-02,employer,Salinas Inc,title,"Runner, broadcasting/film/video",year,2002,make,Mitsubishi,model,Eclipse
student_id,593367635,name,Mark Banks,address,9965 Erika Throughway Pagehaven  CA 33021,dob,1982-06-08,employer,Farmer-Mosley,title,Community pharmacist,year,1995,make,Nissan,model,Pathfinder
student_id,460191218,name,Christopher Scott,address,4299 Hopkins Radial West Georgebury  TN 57452,dob,2005-01-01,employer,Baker-Jacobs,title,"Doctor, hospital",year,2002,make,GMC,model,Sonoma
student_id,425203884,name,Victor Anderson,address,49675 Mcclure Cove Josephmouth  AR 17389,dob,1993-10-10,employer,Steele-Walters,title,"Exhibitions officer, museum/gallery",year,1997,make,Isuzu,model,Oasis
student_id,681130084,name,James Ho,address,915 Kelsey Light Phelpsbury  OH 14885,dob,1970-11-08,employer,Rogers-Williams,title,Clinical embryologist,year,2001,make,Lexus,model,RX
student_id,596492220,name,Sara Hoffman,address,457 Michael Way Suite 177 West Heather  IL 54290,dob,1912-04-01,employer,Davidson-Clark,title,Paediatric nurse,year,1998,make,Subaru,model,Impreza
student_id,667317706,name,Debra Farrell,address,2879 Kelly Points Sloanside  MT 23769,dob,1934-08-03,employer,"Bates, Warren and Simon",title,"Secretary, company",year,2014,make,BMW,model,X6
student_id,889189397,name,Brooke Gates,address,0399 Jennings Orchard Suite 122 Hubermouth  NY 61363,dob,1907-11-24,employer,Owen PLC,title,"Engineer, maintenance",year,2020,make,Nissan,model,NV200
student_id,667915775,name,Jason Mitchell,address,66715 Eaton Walk South Paula  TX 60243,dob,1963-10-04,employer,Wilson-Martin,title,Pension scheme manager,year,2011,make,Mercury,model,Mariner
student_id,671280647,name,Robert Woods,address,PSC 6553  Box 8174 APO AE 31828,dob,1926-07-17,employer,Myers PLC,title,Politician's assistant,year,2003,make,Nissan,model,Altima
student_id,168164543,name,Jessica Wells,address,215 Shaun Mountain Suite 240 Lancestad  MI 67173,dob,1927-07-15,employer,"Jenkins, Newman and Hawkins",title,Financial adviser,year,2009,make,MAZDA,model,MX-5
student_id,804111824,name,Lisa Stewart,address,3397 Antonio View Apt. 650 Halltown  CO 92631,dob,1942-06-04,employer,Anderson Group,title,"Journalist, newspaper",year,2009,make,Land,model,Rover
student_id,432146507,name,Shannon Cook,address,PSC 7964  Box 3964 APO AA 18181,dob,1934-04-11,employer,"Thompson, Odonnell and Bishop",title,Chartered certified accountant,year,2008,make,Chevrolet,model,Colorado
student_id,151163445,name,James White,address,0759 Smith Flats Suite 496 Kimberlyport  AR 47321,dob,2005-09-01,employer,Morgan PLC,title,"Librarian, academic",year,2006,make,MAZDA,model,Tribute
student_id,333596708,name,Kelly Peterson,address,USNV Mcdaniel FPO AP 37625,dob,1978-03-15,employer,Brock-Thompson,title,Medical technical officer,year,2004,make,Toyota,model,Land
student_id,195745031,name,Robin Cruz,address,098 Michael Ville Suite 660 West Marytown  WV 09970,dob,2001-01-07,employer,Bradford LLC,title,Accommodation manager,year,2009,make,Buick,model,LaCrosse
student_id,499210496,name,John Hernandez,address,56856 Nelson Motorway Apt. 180 Monicaside  PA 31758,dob,1950-01-02,employer,Russell-Cooper,title,"Therapist, nutritional",year,2016,make,Volvo,model,XC70
student_id,051968363,name,Jermaine Holmes,address,120 Marissa Extensions Suite 142 West Dawn  PA 73030,dob,1928-03-05,employer,Johnson Group,title,"Restaurant manager, fast food",year,2014,make,Volkswagen,model,Jetta
student_id,469795952,name,Carl Berg,address,9842 Diana Lane Connorshire  NH 90354,dob,1940-03-06,employer,"Cox, Morgan and Wright",title,"Investment banker, operational",year,1998,make,Dodge,model,Ram
student_id,248164985,name,Christopher Adams,address,40800 Richardson Fords Port Michellefurt  KY 03913,dob,1958-12-01,employer,"White, Sharp and Bennett",title,Computer games developer,year,2017,make,Kia,model,K900
student_id,420861579,name,Kimberly Mercado,address,Unit 1822 Box 8470 DPO AE 95787,dob,2000-02-11,employer,Martin LLC,title,"Conservation officer, historic buildings",year,2013,make,Toyota,model,Tacoma
student_id,408268727,name,Ethan Jenkins,address,3782 Grace Lights South Kevin  LA 79157,dob,1958-09-18,employer,Morris-Robertson,title,"Psychologist, forensic",year,2011,make,Mercedes-Benz,model,Sprinter
student_id,716285998,name,Jessica Miller,address,3643 Monica Expressway Stephaniemouth  MA 71984,dob,1939-09-18,employer,Robinson-Contreras,title,Ecologist,year,2014,make,BMW,model,M6
student_id,552856842,name,Michelle Kim,address,770 Angela Valleys Lake Meganburgh  NE 12762,dob,1924-03-11,employer,"Moses, Collins and Craig",title,Clinical research associate,year,2018,make,Audi,model,S6
student_id,015050755,name,Tammy Rice,address,365 Peterson Lake Lake Cassandraside  DE 19252,dob,1962-01-17,employer,Moore Ltd,title,Rural practice surveyor,year,2011,make,Honda,model,Accord
student_id,461756775,name,Wendy King,address,0767 Lowe Coves Suite 920 Ashleyberg  ME 74557,dob,1990-05-10,employer,Castillo PLC,title,Biomedical scientist,year,2017,make,Mitsubishi,model,Outlander
student_id,223221601,name,Christopher Weeks,address,7987 Cooper Cove Suite 783 South Robert  CT 96448,dob,2015-09-29,employer,Fox Inc,title,"Education officer, museum",year,2018,make,Audi,model,S5
student_id,335850261,name,Paul Johnson,address,158 Diaz Turnpike North Carolberg  OR 75869,dob,1943-05-25,employer,Walters Group,title,Quantity surveyor,year,1996,make,Ford,model,F150
student_id,708695512,name,Brandon Wallace,address,81663 Nguyen Parkway West Kimberly  HI 32016,dob,1992-05-19,employer,"Howard, Walker and Webb",title,Media buyer,year,2006,make,Volkswagen,model,New
student_id,126034324,name,Rebecca Owens,address,6082 Moore Brooks East Lisaborough  NH 00684,dob,1986-07-01,employer,Johnson-Maddox,title,Chief Financial Officer,year,2018,make,Chevrolet,model,Silverado
student_id,414088534,name,Robert Watson,address,266 Carrie Trail Suite 353 Andersonland  AR 47693,dob,1915-10-17,employer,Webster Ltd,title,Biomedical engineer,year,1997,make,GMC,model,Yukon
student_id,259611580,name,Phillip Whitaker,address,161 Gutierrez Inlet Howardmouth  MD 63501,dob,1955-01-24,employer,Stevens-Shaw,title,Microbiologist,year,2001,make,BMW,model,7
student_id,105364690,name,Eric Sutton,address,289 Martinez Turnpike West Brianberg  MT 46712,dob,1991-05-22,employer,"Graves, Vasquez and Ruiz",title,Electronics engineer,year,2014,make,INFINITI,model,QX70
student_id,605897077,name,Jennifer Mckinney,address,0657 Scott Island Apt. 463 North Tasha  MO 96869,dob,1975-09-27,employer,Chan LLC,title,Building surveyor,year,1992,make,Isuzu,model,Spacecab
student_id,170130706,name,Terry Edwards,address,9152 Marisa Drives Apt. 330 South Benjamin  MN 08038,dob,2003-08-04,employer,"Hansen, Combs and Cortez",title,Secondary school teacher,year,2010,make,Chevrolet,model,Impala
student_id,327330844,name,Jonathan Moore,address,787 Courtney Well Suite 477 Hernandezfurt  KS 38466,dob,2019-11-03,employer,Green Group,title,Advertising copywriter,year,2007,make,BMW,model,3
student_id,471790548,name,Kevin Dickerson,address,Unit 5565 Box 8873 DPO AP 44339,dob,1990-11-07,employer,Gates-Miller,title,Estate agent,year,2013,make,Nissan,model,NV2500
student_id,730686734,name,Carol Brown,address,279 Ray Ports Apt. 377 West Angela  WY 92455,dob,1927-01-19,employer,"Wallace, Jones and Dunn",title,Tour manager,year,2010,make,Volvo,model,XC60
student_id,222394445,name,Carl Ellis,address,746 Cantrell Tunnel Apt. 402 South Richardport  CO 86763,dob,1912-03-14,employer,"Henry, Wong and Fitzgerald",title,"Pharmacist, community",year,2003,make,Subaru,model,Outback
student_id,537924864,name,Roger Crawford,address,82350 Brown Islands Suite 882 Woodside  CA 50408,dob,2009-01-05,employer,Miller Inc,title,Scientific laboratory technician,year,1999,make,GMC,model,Sierra
student_id,671706865,name,Bradley Young,address,9256 Herrera Spurs Kristyborough  MA 54795,dob,1964-12-27,employer,Potts-Butler,title,Contracting civil engineer,year,2005,make,Lincoln,model,Navigator
student_id,025657968,name,Kathleen Graham,address,6109 Michael Green Apt. 273 South Raymond  LA 79264,dob,1966-10-06,employer,Buck PLC,title,"Designer, blown glass/stained glass",year,1999,make,GMC,model,Savana
student_id,710301495,name,Deborah Rodriguez,address,USNS Nelson FPO AA 16075,dob,2014-12-17,employer,Peterson-Hill,title,Dispensing optician,year,2002,make,Suzuki,model,Aerio
student_id,452444056,name,Daniel Pace,address,170 Laura Inlet East Andreaview  NC 21481,dob,1971-04-13,employer,Santos LLC,title,Armed forces technical officer,year,2004,make,Kia,model,Sedona
student_id,064347335,name,Harold Brown,address,6514 Cox Terrace Suite 703 Amandashire  VT 60088,dob,1978-10-31,employer,Fox-Peterson,title,Forensic scientist,year,2018,make,Honda,model,HR-V
student_id,757203981,name,Randy Allen,address,010 Klein Overpass Apt. 937 Woodtown  DE 15677,dob,1947-05-31,employer,Bailey LLC,title,"Scientist, water quality",year,2013,make,GMC,model,Savana
student_id,335584027,name,Amanda Ellis,address,94825 Derrick Landing Apt. 126 Martinezville  VT 77077,dob,1976-02-29,employer,Fuentes Inc,title,Industrial buyer,year,2015,make,Lexus,model,GS
student_id,509855504,name,Scott Bell,address,PSC 7470  Box 7523 APO AE 49357,dob,1912-12-20,employer,"Shaw, Bates and Garcia",title,Fitness centre manager,year,1997,make,Jeep,model,Cherokee
student_id,199097080,name,Steven Rivas,address,53965 Jared Mountains New Markville  IN 58362,dob,1993-07-19,employer,Nunez LLC,title,Radio producer,year,1995,make,Chevrolet,model,S10
student_id,899522625,name,Ronald Lopez,address,7734 Thomas Ferry Suite 311 East Briannaville  SC 29441,dob,1957-10-25,employer,"Knight, Johnson and Jones",title,Nature conservation officer,year,1998,make,Lincoln,model,Navigator
student_id,872765864,name,Heather Willis,address,Unit 3425 Box 5792 DPO AE 15358,dob,1947-10-06,employer,Taylor and Sons,title,Communications engineer,year,1993,make,Chevrolet,model,G-Series
student_id,780042161,name,Kathleen Hawkins,address,2567 Richard Lights Suite 096 Lake Taraborough  GA 36644,dob,1931-08-29,employer,Wolfe PLC,title,"Production designer, theatre/television/film",year,1992,make,Chevrolet,model,3500
student_id,455050101,name,Joseph Martinez,address,244 Thompson Trafficway Suite 798 Virginiahaven  AZ 17499,dob,1924-08-31,employer,Ramirez Ltd,title,Communications engineer,year,1997,make,Audi,model,A8
student_id,704451602,name,Anthony Simon,address,3756 Jennifer Throughway Apt. 767 Port Christyshire  DE 84004,dob,1964-03-01,employer,Gordon Group,title,Conference centre manager,year,2007,make,Hyundai,model,Santa
student_id,060638577,name,Cody Gilbert,address,229 Mark Well East David  IN 03108,dob,1972-04-09,employer,Mcdowell Inc,title,Airline pilot,year,2010,make,Volkswagen,model,Passat
student_id,471701353,name,Haley Silva,address,26522 Richard Garden Apt. 246 New Emily  WV 91578,dob,1961-04-08,employer,Smith Inc,title,Land,year,2018,make,BMW,model,X1
student_id,509078929,name,Karen Edwards,address,92378 Christopher Isle Suite 186 Lake Laura  MS 12822,dob,1920-10-06,employer,Rodriguez PLC,title,Intelligence analyst,year,2020,make,BMW,model,X5
student_id,720325536,name,Catherine Gutierrez,address,9889 Lester Centers Brittanyton  SD 10455,dob,1943-02-07,employer,"Lopez, Perez and May",title,Systems developer,year,2015,make,Nissan,model,NV3500
student_id,290217422,name,Larry Garcia,address,888 Luke Centers Branchshire  AZ 77345,dob,2005-11-18,employer,Eaton-Fisher,title,"Lecturer, further education",year,2007,make,Audi,model,A6
student_id,026573015,name,Timothy Faulkner,address,8729 Kelly Inlet Apt. 693 Port Cody  OR 32378,dob,1990-10-27,employer,Tucker LLC,title,Art therapist,year,2018,make,GMC,model,Savana
student_id,856030942,name,John Stein,address,506 Erin Plains Harrisborough  IN 72284,dob,1920-10-07,employer,"Henry, Howell and Williams",title,Air traffic controller,year,2011,make,Honda,model,Pilot
student_id,593088916,name,John Mitchell,address,240 Coffey Summit Yodermouth  HI 25629,dob,1943-11-25,employer,Nixon Ltd,title,Automotive engineer,year,2002,make,Dodge,model,Ram
student_id,144283383,name,Christopher Skinner,address,866 Clark Views Suite 654 Amandaton  MT 45841,dob,2011-03-27,employer,Johnson PLC,title,Industrial buyer,year,2005,make,Hyundai,model,Accent
student_id,287449829,name,Jonathan Wright,address,89998 Matthews Track Apt. 832 Washingtonfurt  CA 58175,dob,1975-06-12,employer,"Decker, Hopkins and Henry",title,Museum education officer,year,2012,make,Honda,model,Pilot
student_id,414916401,name,Ashley Hunter,address,064 Martinez Crescent West Christopher  MS 54909,dob,1958-11-30,employer,"Carroll, Ray and Contreras",title,"Lighting technician, broadcasting/film/video",year,2017,make,Kia,model,Rio
student_id,485966819,name,Brandon Miller,address,764 Davis Corner Apt. 545 Kristinport  TN 11284,dob,1956-07-28,employer,Boyd Group,title,"Therapist, music",year,2002,make,Saab,model,5-Sep
student_id,641581059,name,Ryan Schroeder,address,50381 Carson Unions Watsonberg  RI 96249,dob,1963-07-15,employer,Molina LLC,title,Artist,year,1999,make,Mercury,model,Mountaineer
student_id,855416995,name,Alexandria Zhang,address,92533 Rebecca Shore New Lacey  OK 01339,dob,2004-04-23,employer,"Harris, Cantu and Barnes",title,Homeopath,year,2002,make,Pontiac,model,Bonneville
student_id,145841152,name,Alexis Watts,address,413 Michele Ridges Ronaldmouth  ME 45197,dob,2018-07-26,employer,"Miller, Stevens and Mathews",title,Sports therapist,year,2009,make,Kia,model,Rondo
student_id,719735186,name,Paul Rose,address,0070 Harris Estate South Joe  MI 43575,dob,1967-07-08,employer,Johnson-Hoffman,title,Associate Professor,year,2014,make,Audi,model,A5
student_id,178756800,name,Kevin Brown,address,6621 Kaylee Throughway Jonathanview  CT 16324,dob,1957-07-05,employer,Lara-Cummings,title,Nature conservation officer,year,2008,make,Lincoln,model,Town
student_id,255394026,name,Joanna Neal,address,1756 Carpenter Way Apt. 543 North Gregory  MI 35151,dob,1920-01-11,employer,Meza-Adams,title,"Optician, dispensing",year,1997,make,Dodge,model,Dakota
student_id,710328922,name,Christopher Mclaughlin,address,873 Jennifer Lodge Sheltonburgh  NC 23669,dob,1943-08-12,employer,"Horton, Ramirez and Moreno",title,"Education officer, community",year,2012,make,Toyota,model,Tacoma
student_id,285506894,name,Debra Weber,address,Unit 2512 Box 7363 DPO AE 71852,dob,2006-08-12,employer,Hensley-Joseph,title,Marketing executive,year,2015,make,Volkswagen,model,Golf
student_id,301319039,name,Brittany Owens,address,64570 Samantha Burg Luisberg  OH 03933,dob,1929-05-13,employer,Russell-Dodson,title,Air traffic controller,year,2009,make,Dodge,model,Ram
student_id,730390177,name,Rachel Jennings,address,USS Burton FPO AP 38826,dob,1972-03-01,employer,Myers Ltd,title,"Sales professional, IT",year,1994,make,Chevrolet,model,G-Series
student_id,699614974,name,Stephen Powers,address,541 David Expressway Coreyville  AZ 29109,dob,1995-07-10,employer,"Barrett, Schmidt and Mitchell",title,"Therapist, music",year,1996,make,Lexus,model,SC
student_id,178083261,name,Tammie Leblanc,address,5814 Gonzalez Loop Suite 839 South Claudiaview  UT 54385,dob,1940-12-15,employer,Vincent-Hall,title,Technical author,year,2007,make,Chevrolet,model,Silverado
student_id,537107339,name,Karen Miller,address,3704 Morrison Parks Biancatown  LA 47701,dob,1985-08-07,employer,Young PLC,title,Health physicist,year,2008,make,Lincoln,model,Navigator
student_id,120301310,name,Chad Hall,address,94628 Kathleen Extension North Jane  ID 18172,dob,1928-08-29,employer,Parker and Sons,title,"Engineer, biomedical",year,2015,make,Mercedes-Benz,model,GLK-Class
student_id,498144577,name,Leslie Gonzalez,address,1894 Erin Square West John  WY 21887,dob,1989-05-15,employer,Young Ltd,title,"Engineer, automotive",year,2019,make,Toyota,model,Avalon
student_id,043705261,name,Juan Wiggins,address,9598 Arthur Road Simmonsbury  MO 49817,dob,1955-04-13,employer,Rosario Ltd,title,Midwife,year,2012,make,Suzuki,model,Kizashi
student_id,899228595,name,Diana Mann,address,4946 Gray Grove Suite 419 Port Dawn  UT 19667,dob,1965-02-26,employer,Lewis-Burton,title,Geophysical data processor,year,2002,make,Chevrolet,model,Silverado
student_id,673402278,name,Michael Kirby,address,65940 Michael Islands Longfurt  SD 08930,dob,1987-12-16,employer,Lucas-Lewis,title,"Accountant, chartered certified",year,2006,make,Mercedes-Benz,model,G-Class
student_id,258279279,name,Adam Berger,address,USS Coleman FPO AE 92906,dob,1965-08-28,employer,Gonzalez-Zhang,title,"Engineer, mining",year,2005,make,Acura,model,RSX
student_id,436217017,name,Melissa Brown,address,085 Ray Causeway Apt. 946 East Benjaminland  OH 05812,dob,1961-02-01,employer,Thompson-Garcia,title,Sport and exercise psychologist,year,2000,make,Chrysler,model,Town
student_id,740559699,name,Juan Thompson,address,423 Howard Brooks Apt. 036 Port Randyview  HI 64399,dob,1994-07-24,employer,Mckinney-Simmons,title,Corporate investment banker,year,2005,make,MAZDA,model,Tribute
student_id,871518001,name,Erin Rose,address,0967 Jennifer Parks Suite 969 Kathleenfort  WY 03877,dob,1948-11-25,employer,Reynolds-Wise,title,Magazine journalist,year,1997,make,Mercury,model,Grand
student_id,771792633,name,Emily Mitchell,address,8995 Christopher Shores Suite 060 East Davidfort  NM 94419,dob,1908-12-12,employer,Edwards Ltd,title,Neurosurgeon,year,2003,make,GMC,model,Sierra
student_id,620845089,name,Sue Kerr,address,83665 Warner Haven New Caitlyn  KY 34855,dob,1983-06-27,employer,Paul-Avila,title,Psychotherapist,year,2019,make,Nissan,model,LEAF
student_id,402728045,name,Jenny Rodriguez,address,USS Matthews FPO AE 16860,dob,2000-08-27,employer,Martinez-Weber,title,Hospital pharmacist,year,1997,make,MAZDA,model,Protege
student_id,763906771,name,Joseph Mora,address,9114 Williams Alley Apt. 666 Allenmouth  MD 77005,dob,1952-04-19,employer,Carpenter Group,title,"Scientist, product/process development",year,2004,make,Toyota,model,Echo
student_id,068023576,name,Elijah Barton,address,553 Briana Lodge Sweeneyville  NJ 41887,dob,1951-02-24,employer,"Moreno, Martinez and Sweeney",title,Economist,year,2016,make,Lincoln,model,MKS
